"","word","freq"
"canarias","canarias",81
"calima","calima",16
"as√","as√",15
"espacial","espacial",15
"estaci√","estaci√",15
"mujeres","mujeres",8
"islas","islas",7
"galicia","galicia",7
"ophelia","ophelia",7
"canaria","canaria",6
"gobierno","gobierno",6
"menos","menos",5
"art√","art√",5
"culo","culo",5
"gracias","gracias",5
"encuentro","encuentro",4
"canariasÊ","canariasÊ",4
"hoy","hoy",4
"hora","hora",4
"desarrollo","desarrollo",4
"calor","calor",4
"temperaturas","temperaturas",4
"cruz","cruz",4
"santa","santa",4
"tierra","tierra",4
"fundamental","fundamental",3
"ardegalicia","ardegalicia",3
"nimo","nimo",3
"disfruta","disfruta",3
"atl√","atl√",3
"imagen","imagen",3
"interior","interior",3
"ntico","ntico",3
"nubes","nubes",3
"nubosidad","nubosidad",3
"peninsular‚Ä","peninsular‚Ä",3
"visible","visible",3
"activa","activa",3
"casi","casi",3
"felipe","felipe",3
"gonz√","gonz√",3
"lez","lez",3
"altas","altas",3
"aumento","aumento",3
"aviso","aviso",3
"domingo","domingo",3
"torno","torno",3
"viento","viento",3
"canelones","canelones",3
"com‚Ä","com‚Ä",3
"equipo","equipo",3
"funcionarios","funcionarios",3
"previa","previa",3
"rurales","rurales",3
"algas","algas",3
"banco","banco",3
"cerrar","cerrar",3
"espa√","espa√",3
"euros","euros",3
"necesita","necesita",3
"nueva","nueva",3
"seg√","seg√",3
"tenerife","tenerife",3
"grancanaria","grancanaria",3
"derechos","derechos",3
"orgullomujerrural‚Ä","orgullomujerrural‚Ä",3
"parejas","parejas",3
"titularidadcompartida","titularidadcompartida",3
"trabajan","trabajan",3
"mundo","mundo",3
"ahora","ahora",2
"dej√","dej√",2
"viernes","viernes",2
"bandera","bandera",2
"alg√","alg√",2
"busco","busco",2
"contacto","contacto",2
"favor","favor",2
"leopoldo","leopoldo",2
"mar√","mar√",2
"panero","panero",2
"personas","personas",2
"ponedlos","ponedlos",2
"relaci√","relaci√",2
"tipo","tipo",2
"escritas","escritas",2
"historias","historias",2
"nticas","nticas",2
"rom√","rom√",2
"isla","isla",2
"papa","papa",2
"arde","arde",2
"aqu√","aqu√",2
"estreno","estreno",2
"h‚Ä","h‚Ä",2
"pod√","pod√",2
"salgo","salgo",2
"tarde","tarde",2
"verme","verme",2
"base","base",2
"cadetes","cadetes",2
"divisi√","divisi√",2
"canarias‚Ä","canarias‚Ä",2
"blica‚Ä","blica‚Ä",2
"govern","govern",2
"haciendo","haciendo",2
"horas","horas",2
"junqueras","junqueras",2
"puigdemont","puigdemont",2
"rep√","rep√",2
"respuesta","respuesta",2
"unas","unas",2
"amos","amos",2
"comprometidos","comprometidos",2
"d‚Ä","d‚Ä",2
"entender","entender",2
"feliz","feliz",2
"hoysonpilar","hoysonpilar",2
"igualdad","igualdad",2
"podr√","podr√",2
"seguiremos","seguiremos",2
"‚ÄçÊ","‚ÄçÊ",2
"casos","casos",2
"luchar","luchar",2
"vivo","vivo",2
"htt‚Ä","htt‚Ä",2
"ayto","ayto",2
"gran","gran",2
"fuerteventura","fuerteventura",2
"lanzarote","lanzarote",2
"agrarias","agrarias",2
"explotaciones","explotaciones",2
"fracaso","fracaso",2
"cerca","cerca",2
"hurac√","hurac√",2
"pasado","pasado",2
"rural","rural",2
"ismadirecto","ismadirecto",1
"vendr√","vendr√",1
"coche","coche",1
"siroco","siroco",1
"solar","solar",1
"ciudadan√","ciudadan√",1
"embellecimiento","embellecimiento",1
"icod","icod",1
"implicar","implicar",1
"marcha","marcha",1
"pone","pone",1
"vinos","vinos",1
"vivero","vivero",1
"amigos","amigos",1
"buenas","buenas",1
"noches","noches",1
"aniversario","aniversario",1
"celebraci√","celebraci√",1
"nacional","nacional",1
"octubre","octubre",1
"amujerrural","amujerrural",1
"carque","carque",1
"celebra","celebra",1
"iberia","iberia",1
"papel","papel",1
"pintora","pintora",1
"recordamos","recordamos",1
"contigo","contigo",1
"fuerza","fuerza",1
"incendiogalicia","incendiogalicia",1
"conm‚Ä","conm‚Ä",1
"abr√","abr√",1
"porfa","porfa",1
"ven","ven",1
"zame","zame",1
"aut√","aut√",1
"catalu√","catalu√",1
"comunidades","comunidades",1
"independicen","independicen",1
"junto","junto",1
"nomas","nomas",1
"octava","octava",1
"toooodas","toooodas",1
"vayan","vayan",1
"ado","ado",1
"catalunya","catalunya",1
"ense√","ense√",1
"estudio","estudio",1
"men‚Ä","men‚Ä",1
"odiarbasta","odiarbasta",1
"buen","buen",1
"nuevacondomina","nuevacondomina",1
"partido","partido",1
"presencia","presencia",1
"bella","bella",1
"conectada","conectada",1
"habitaci√","habitaci√",1
"hotgirl","hotgirl",1
"nchatea","nchatea",1
"t‚Ä","t‚Ä",1
"webcam","webcam",1
"conmigo","conmigo",1
"calmando","calmando",1
"helader√","helader√",1
"lleva","lleva",1
"canariascreactiva","canariascreactiva",1
"foro","foro",1
"internacional","internacional",1
"mucha","mucha",1
"aprendan","aprendan",1
"co√","co√",1
"cuidar‚Ä","cuidar‚Ä",1
"cumbre","cumbre",1
"pasando","pasando",1
"tiooo","tiooo",1
"wtf","wtf",1
"compras","compras",1
"placer","placer",1
"pr√","pr√",1
"semana","semana",1
"siempre","siempre",1
"volveremos","volveremos",1
"xima","xima",1
"atlvictoria","atlvictoria",1
"final","final",1
"preferente","preferente",1
"gas","gas",1
"n‚Äù","n‚Äù",1
"poderes","poderes",1
"quieren","quieren",1
"renovables","renovables",1
"retrasar","retrasar",1
"salvajes","salvajes",1
"transici√","transici√",1
"‚Äúcombustible","‚Äúcombustible",1
"ophelia‚Ä","ophelia‚Ä",1
"basket","basket",1
"fernando","fernando",1
"mart√","mart√",1
"sale","sale",1
"thinkingdifferent","thinkingdifferent",1
"valencia","valencia",1
"drake","drake",1
"ej√","ej√",1
"francis","francis",1
"homenajea","homenajea",1
"rcito","rcito",1
"victoria","victoria",1
"autentico","autentico",1
"buriun","buriun",1
"enhorabuena","enhorabuena",1
"especialidadmue","especialidadmue",1
"presumiendo","presumiendo",1
"servicio","servicio",1
"trabajo","trabajo",1
"urgenciologo","urgenciologo",1
"actuaci√","actuaci√",1
"caso","caso",1
"laguna","laguna",1
"plan","plan",1
"pregunta","pregunta",1
"previsto","previsto",1
"tormenta","tormenta",1
"tropical","tropical",1
"acb","acb",1
"asociaci√","asociaci√",1
"baloncesto","baloncesto",1
"club","club",1
"clubes","clubes",1
"doble","doble",1
"provecho","provecho",1
"saca","saca",1
"salida","salida",1
"barrio","barrio",1
"critica","critica",1
"encuentra","encuentra",1
"ndez","ndez",1
"obras","obras",1
"simo","simo",1
"toscal","toscal",1
"concurso","concurso",1
"convocar√","convocar√",1
"icca","icca",1
"marina","marina",1
"sal","sal",1
"boom","boom",1
"detalles","detalles",1
"exclusiva","exclusiva",1
"experience","experience",1
"gourmet","gourmet",1
"ht‚Ä","ht‚Ä",1
"llegar√","llegar√",1
"mano","mano",1
"gomera","gomera",1
"guanches","guanches",1
"igual","igual",1
"primer","primer",1
"pues","pues",1
"seguro","seguro",1
"sorteo","sorteo",1
"aqui","aqui",1
"broche","broche",1
"envio","envio",1
"estilo","estilo",1
"pincha","pincha",1
"toda","toda",1
"vintage","vintage",1
"elhierro","elhierro",1
"lagomera","lagomera",1
"lapalma","lapalma",1
"patria","patria",1
"cadete","cadete",1
"capital","capital",1
"femenino","femenino",1
"iberostar","iberostar",1
"king","king",1
"liga","liga",1
"luther","luther",1
"maculino","maculino",1
"ortodoncia","ortodoncia",1
"resultadossc","resultadossc",1
"avi√","avi√",1
"camiseta","camiseta",1
"ccme","ccme",1
"cojo","cojo",1
"disfrutar","disfrutar",1
"llevar√","llevar√",1
"madrid","madrid",1
"s‚Ä","s‚Ä",1
"fabricar√","fabricar√",1
"google","google",1
"propio","propio",1
"smartwatch","smartwatch",1
"absoluto","absoluto",1
"cotitularidad","cotitularidad",1
"desidia","desidia",1
"mujeresrurales‚Ä","mujeresrurales‚Ä",1
"registro","registro",1
"compartida","compartida",1
"http‚Ä","http‚Ä",1
"impulsamos","impulsamos",1
"titularidad","titularidad",1
"entero","entero",1
"pal","pal",1
"canary","canary",1
"canci√","canci√",1
"dedicada","dedicada",1
"maneja","maneja",1
"ola","ola",1
"oladecalo‚Ä","oladecalo‚Ä",1
"se√","se√",1
"tiempo","tiempo",1
"mpicamente","mpicamente",1
"ol√","ol√",1
"pas√","pas√",1
"ambiente","ambiente",1
"arremanga‚Ä","arremanga‚Ä",1
"maite","maite",1
"medio","medio",1
"mujer","mujer",1
"podemos","podemos",1
"ruiz","ruiz",1
"secretar√","secretar√",1
"toca","toca",1
"muero","muero",1
"pena","pena",1
"sabaris","sabaris",1
"respira","respira",1
"gomero","gomero",1
"hace","hace",1
"pensar","pensar",1
"precioso","precioso",1
"silbo","silbo",1
"decir","decir",1
"enportada","enportada",1
"explota","explota",1
"generalizar","generalizar",1
"puede","puede",1
"trabajadores","trabajadores",1
"amateur","amateur",1
"entras","entras",1
"blica","blica",1
"mejora","mejora",1
"mico","mico",1
"sanidad","sanidad",1
"servir√","servir√",1
"socioecon√","socioecon√",1
"alisios","alisios",1
"demasiado","demasiado",1
"eterna","eterna",1
"mal","mal",1
"nunca","nunca",1
"primavera","primavera",1
"vientos","vientos",1
"alerta","alerta",1
"finaliza","finaliza",1
"situaci√","situaci√",1
"ximas","ximas",1
"antiterrorista‚Ä","antiterrorista‚Ä",1
"deficiencias","deficiencias",1
"denunciadas","denunciadas",1
"dispositivo","dispositivo",1
"exige","exige",1
"explique","explique",1
"sindicatos","sindicatos",1
"alto","alto",1
"daida","daida",1
"dos","dos",1
"felicidades","felicidades",1
"grandes","grandes",1
"iballa","iballa",1
"poner","poner",1
"ruano","ruano",1
"volvieron","volvieron",1
"encontrados","encontrados",1
"perdidos","perdidos",1
"conectados","conectados",1
"rifles","rifles",1
"yugoslavia","yugoslavia",1
